Workbook

Sheet Population
A1: State | B1: Population
A2: Alabama | B2: 4887871
A3: Arizona | B3: 7171646
A4: Arkansas | B4: 3013825
A5: California | B5: 39557045
A6: Colorado | B6: 5695564
A7: Connecticut | B7: 3572665
A8: Delaware | B8: 967171
A9: Florida | B9: 21670000
A10: Georgia | B10: 10519475
A11: Idaho | B11: 1754208
A12: Illinois | B12: 12741080
A13: Indiana | B13: 6691878
... A49: Wyoming | B49: 577737

Sheet Data
A1: Year | B1: Industry | C1: State | D1: Establishments | E1: Employees | F1: Avg Annual Wage
A2: 2020 | B2: Natural Resources | C2: Alabama | D2: 1829 | E2: 18051 | F2: 58872
A3: 2020 | B3: Natural Resources | C3: Arizona | D3: 1354 | E3: 35607 | F3: 55216
A4: 2020 | B4: Natural Resources | C4: Arkansas | D4: 2565 | E4: 15961 | F4: 49909
A5: 2020 | B5: Natural Resources | C5: California | D5: 17651 | E5: 425665 | F5: 42534
A6: 2020 | B6: Natural Resources | C6: Colorado | D6: 3312 | E6: 41633 | F6: 91879
A7: 2020 | B7: Natural Resources | C7: Connecticut | D7: 467 | E7: 5260 | F7: 43142
A8: 2020 | B8: Natural Resources | C8: Delaware | D8: 186 | E8: 1317 | F8: 43290
A9: 2020 | B9: Natural Resources | C9: Florida | D9: 5394 | E9: 71107 | F9: 37717
A10: 2020 | B10: Natural Resources | C10: Georgia | D10: 2794 | E10: 29309 | F10: 45978
A11: 2020 | B11: Natural Resources | C11: Idaho | D11: 2531 | E11: 27020 | F11: 42820
A12: 2020 | B12: Natural Resources | C12: Illinois | D12: 2818 | E12: 24933 | F12: 52259
A13: 2020 | B13: Natural Resources | C13: Indiana | D13: 2302 | E13: 20872 | F13: 50732
... A1919: 2017 | B1919: Other Services | C1919: Wyoming | D1919: 1656 | E1919: 7231 | F1919: 35035

Sheet Data Prep
A1: INDUSTRY FILTER | D1: AVG WAGE BY INDUSTRY | H1: EMPLOYEES BY INDUSTRY | K1: WAGE EMPLOYEE TRENDS | O1: COMPARISONS BY STATE
A2: Industry | B2: Selection | D2: Industry | E2: Avg Annual Wage | F2: Selection | H2: Industry | I2: Employees | K2: Year | L2: Avg Wage | M2: Employees | O2: State | P2: Employees | Q2: Population | R2: Employees per 1000 Capita | S2: Average Wages | T2: =$B$18 -> Average Wages
A3: Business Services | B3: =Dashboard!B6 -> Business Services | D3: Information | E3: =AVERAGEIFS(Table[Avg Annual Wage],Table[Industry],D3,Table[Year],$B$15) -> 93586.333 | F3: =IF(D3=$B$3,E3,0) -> 0 | H3: Trade & Transportation | I3: =SUMIFS(Table[Employees],Table[Industry],H3,Table[Year],$B$15) -> 26277342 | K3: 2017 | L3: =AVERAGEIFS(Table[Avg Annual Wage],Table[Industry],$B$3,Table[Year],K3) -> 64714.438 | M3: =SUMIFS(Table[Employees],Table[Industry],$B$3,Table[Year],K3) -> 20063464 | O3: Alabama | P3: =SUMIFS(Table[Employees],Table[Industry],$B$3,Table[Year],$B$15,Table[State],O3) -> 242419 | Q3: =VLOOKUP(O3,Population!A2:B49,2,0) -> 4887871 | R3: =P3/Q3 * 1000 -> 49.596031 | S3: =AVERAGEIFS(Table[Avg Annual Wage],Table[Industry],$B$3,Table[Year],$B$15,Table[State],O3) -> 62111 | T3: =IF($B$18=$S$2,-S3,R3) -> -62111
A4: Construction | D4: Finance | E4: =AVERAGEIFS(Table[Avg Annual Wage],Table[Industry],D4,Table[Year],$B$15) -> 90040.667 | F4: =IF(D4=$B$3,E4,0) -> 0 | H4: Education & Health | I4: =SUMIFS(Table[Employees],Table[Industry],H4,Table[Year],$B$15) -> 22035033 | K4: 2018 | L4: =AVERAGEIFS(Table[Avg Annual Wage],Table[Industry],$B$3,Table[Year],K4) -> 66836.25 | M4: =SUMIFS(Table[Employees],Table[Industry],$B$3,Table[Year],K4) -> 20594171 | O4: Arizona | P4: =SUMIFS(Table[Employees],Table[Industry],$B$3,Table[Year],$B$15,Table[State],O4) -> 431379 | Q4: =VLOOKUP(O4,Population!A3:B50,2,0) -> 7171646 | R4: =P4/Q4 * 1000 -> 60.150627 | S4: =AVERAGEIFS(Table[Avg Annual Wage],Table[Industry],$B$3,Table[Year],$B$15,Table[State],O4) -> 63180 | T4: =IF($B$18=$S$2,-S4,R4) -> -63180
A5: Education & Health | D5: Business Services | E5: =AVERAGEIFS(Table[Avg Annual Wage],Table[Industry],D5,Table[Year],$B$15) -> 74713.062 | F5: =IF(D5=$B$3,E5,0) -> 74713.062 | H5: Business Services | I5: =SUMIFS(Table[Employees],Table[Industry],H5,Table[Year],$B$15) -> 20065896 | K5: 2019 | L5: =AVERAGEIFS(Table[Avg Annual Wage],Table[Industry],$B$3,Table[Year],K5) -> 69592.167 | M5: =SUMIFS(Table[Employees],Table[Industry],$B$3,Table[Year],K5) -> 20961286 | O5: Arkansas | P5: =SUMIFS(Table[Employees],Table[Industry],$B$3,Table[Year],$B$15,Table[State],O5) -> 139300 | Q5: =VLOOKUP(O5,Population!A4:B51,2,0) -> 3013825 | R5: =P5/Q5 * 1000 -> 46.220335 | S5: =AVERAGEIFS(Table[Avg Annual Wage],Table[Industry],$B$3,Table[Year],$B$15,Table[State],O5) -> 68067 | T5: =IF($B$18=$S$2,-S5,R5) -> -68067
A6: Finance | D6: Manufacturing | E6: =AVERAGEIFS(Table[Avg Annual Wage],Table[Industry],D6,Table[Year],$B$15) -> 68427.875 | F6: =IF(D6=$B$3,E6,0) -> 0 | H6: Leisure & Hospitality | I6: =SUMIFS(Table[Employees],Table[Industry],H6,Table[Year],$B$15) -> 12649500 | K6: 2020 | L6: =AVERAGEIFS(Table[Avg Annual Wage],Table[Industry],$B$3,Table[Year],K6) -> 74713.062 | M6: =SUMIFS(Table[Employees],Table[Industry],$B$3,Table[Year],K6) -> 20065896 | O6: California | P6: =SUMIFS(Table[Employees],Table[Industry],$B$3,Table[Year],$B$15,Table[State],O6) -> 2600604 | Q6: =VLOOKUP(O6,Population!A5:B52,2,0) -> 39557045 | R6: =P6/Q6 * 1000 -> 65.743131 | S6: =AVERAGEIFS(Table[Avg Annual Wage],Table[Industry],$B$3,Table[Year],$B$15,Table[State],O6) -> 106486 | T6: =IF($B$18=$S$2,-S6,R6) -> -106486
A7: Information | D7: Construction | E7: =AVERAGEIFS(Table[Avg Annual Wage],Table[Industry],D7,Table[Year],$B$15) -> 63896.896 | F7: =IF(D7=$B$3,E7,0) -> 0 | H7: Manufacturing | I7: =SUMIFS(Table[Employees],Table[Industry],H7,Table[Year],$B$15) -> 12058694 | O7: Colorado | P7: =SUMIFS(Table[Employees],Table[Industry],$B$3,Table[Year],$B$15,Table[State],O7) -> 430367 | Q7: =VLOOKUP(O7,Population!A6:B53,2,0) -> 5695564 | R7: =P7/Q7 * 1000 -> 75.561788 | S7: =AVERAGEIFS(Table[Avg Annual Wage],Table[Industry],$B$3,Table[Year],$B$15,Table[State],O7) -> 90744 | T7: =IF($B$18=$S$2,-S7,R7) -> -90744
A8: Leisure & Hospitality | D8: Natural Resources | E8: =AVERAGEIFS(Table[Avg Annual Wage],Table[Industry],D8,Table[Year],$B$15) -> 55605.938 | F8: =IF(D8=$B$3,E8,0) -> 0 | H8: Finance | I8: =SUMIFS(Table[Employees],Table[Industry],H8,Table[Year],$B$15) -> 8142043 | O8: Connecticut | P8: =SUMIFS(Table[Employees],Table[Industry],$B$3,Table[Year],$B$15,Table[State],O8) -> 206629 | Q8: =VLOOKUP(O8,Population!A7:B54,2,0) -> 3572665 | R8: =P8/Q8 * 1000 -> 57.836097 | S8: =AVERAGEIFS(Table[Avg Annual Wage],Table[Industry],$B$3,Table[Year],$B$15,Table[State],O8) -> 95714 | T8: =IF($B$18=$S$2,-S8,R8) -> -95714
A9: Manufacturing | D9: Education & Health | E9: =AVERAGEIFS(Table[Avg Annual Wage],Table[Industry],D9,Table[Year],$B$15) -> 53607.208 | F9: =IF(D9=$B$3,E9,0) -> 0 | H9: Construction | I9: =SUMIFS(Table[Employees],Table[Industry],H9,Table[Year],$B$15) -> 7136444 | O9: Delaware | P9: =SUMIFS(Table[Employees],Table[Industry],$B$3,Table[Year],$B$15,Table[State],O9) -> 61669 | Q9: =VLOOKUP(O9,Population!A8:B55,2,0) -> 967171 | R9: =P9/Q9 * 1000 -> 63.762251 | S9: =AVERAGEIFS(Table[Avg Annual Wage],Table[Industry],$B$3,Table[Year],$B$15,Table[State],O9) -> 85651 | T9: =IF($B$18=$S$2,-S9,R9) -> -85651
A10: Natural Resources | D10: Trade & Transportation | E10: =AVERAGEIFS(Table[Avg Annual Wage],Table[Industry],D10,Table[Year],$B$15) -> 49366.812 | F10: =IF(D10=$B$3,E10,0) -> 0 | H10: Other Services | I10: =SUMIFS(Table[Employees],Table[Industry],H10,Table[Year],$B$15) -> 3843699 | O10: Florida | P10: =SUMIFS(Table[Employees],Table[Industry],$B$3,Table[Year],$B$15,Table[State],O10) -> 1358317 | Q10: =VLOOKUP(O10,Population!A9:B56,2,0) -> 21670000 | R10: =P10/Q10 * 1000 -> 62.68191 | S10: =AVERAGEIFS(Table[Avg Annual Wage],Table[Industry],$B$3,Table[Year],$B$15,Table[State],O10) -> 68223 | T10: =IF($B$18=$S$2,-S10,R10) -> -68223
A11: Other Services | D11: Other Services | E11: =AVERAGEIFS(Table[Avg Annual Wage],Table[Industry],D11,Table[Year],$B$15) -> 40790.188 | F11: =IF(D11=$B$3,E11,0) -> 0 | H11: Information | I11: =SUMIFS(Table[Employees],Table[Industry],H11,Table[Year],$B$15) -> 2677815 | O11: Georgia | P11: =SUMIFS(Table[Employees],Table[Industry],$B$3,Table[Year],$B$15,Table[State],O11) -> 692452 | Q11: =VLOOKUP(O11,Population!A10:B57,2,0) -> 10519475 | R11: =P11/Q11 * 1000 -> 65.825718 | S11: =AVERAGEIFS(Table[Avg Annual Wage],Table[Industry],$B$3,Table[Year],$B$15,Table[State],O11) -> 76331 | T11: =IF($B$18=$S$2,-S11,R11) -> -76331
A12: Trade & Transportation | D12: Leisure & Hospitality | E12: =AVERAGEIFS(Table[Avg Annual Wage],Table[Industry],D12,Table[Year],$B$15) -> 23286.417 | F12: =IF(D12=$B$3,E12,0) -> 0 | H12: Natural Resources | I12: =SUMIFS(Table[Employees],Table[Industry],H12,Table[Year],$B$15) -> 1762873 | O12: Idaho | P12: =SUMIFS(Table[Employees],Table[Industry],$B$3,Table[Year],$B$15,Table[State],O12) -> 97097 | Q12: =VLOOKUP(O12,Population!A11:B58,2,0) -> 1754208 | R12: =P12/Q12 * 1000 -> 55.350905 | S12: =AVERAGEIFS(Table[Avg Annual Wage],Table[Industry],$B$3,Table[Year],$B$15,Table[State],O12) -> 59743 | T12: =IF($B$18=$S$2,-S12,R12) -> -59743
O13: Illinois | P13: =SUMIFS(Table[Employees],Table[Industry],$B$3,Table[Year],$B$15,Table[State],O13) -> 892150 | Q13: =VLOOKUP(O13,Population!A12:B59,2,0) -> 12741080 | R13: =P13/Q13 * 1000 -> 70.021537 | S13: =AVERAGEIFS(Table[Avg Annual Wage],Table[Industry],$B$3,Table[Year],$B$15,Table[State],O13) -> 83889 | T13: =IF($B$18=$S$2,-S13,R13) -> -83889
A14: DATE FILTER | H14: EMPLOYEES BY INDUSTRY (CLEANED) | O14: Indiana | P14: =SUMIFS(Table[Employees],Table[Industry],$B$3,Table[Year],$B$15,Table[State],O14) -> 326745 | Q14: =VLOOKUP(O14,Population!A13:B60,2,0) -> 6691878 | R14: =P14/Q14 * 1000 -> 48.827101 | S14: =AVERAGEIFS(Table[Avg Annual Wage],Table[Industry],$B$3,Table[Year],$B$15,Table[State],O14) -> 58578 | T14: =IF($B$18=$S$2,-S14,R14) -> -58578
A15: Current Year: | B15: 2020 | H15: Industry | I15: Employees | O15: Iowa | P15: =SUMIFS(Table[Employees],Table[Industry],$B$3,Table[Year],$B$15,Table[State],O15) -> 134822 | Q15: =VLOOKUP(O15,Population!A14:B61,2,0) -> 3156145 | R15: =P15/Q15 * 1000 -> 42.717302 | S15: =AVERAGEIFS(Table[Avg Annual Wage],Table[Industry],$B$3,Table[Year],$B$15,Table[State],O15) -> 61793 | T15: =IF($B$18=$S$2,-S15,R15) -> -61793
H16: =B3 -> Business Services | I16: =VLOOKUP(B3,H3:I12,2,0) -> 20065896 | O16: Kansas | P16: =SUMIFS(Table[Employees],Table[Industry],$B$3,Table[Year],$B$15,Table[State],O16) -> 168813 | Q16: =VLOOKUP(O16,Population!A15:B62,2,0) -> 2911505 | R16: =P16/Q16 * 1000 -> 57.981353 | S16: =AVERAGEIFS(Table[Avg Annual Wage],Table[Industry],$B$3,Table[Year],$B$15,Table[State],O16) -> 69538 | T16: =IF($B$18=$S$2,-S16,R16) -> -69538
A17: MAP FILTER | H17: Others | I17: =SUM(I3:I12) - I16 -> 96583443 | O17: Kentucky | P17: =SUMIFS(Table[Employees],Table[Industry],$B$3,Table[Year],$B$15,Table[State],O17) -> 207575 | Q17: =VLOOKUP(O17,Population!A16:B63,2,0) -> 4468402 | R17: =P17/Q17 * 1000 -> 46.453967 | S17: =AVERAGEIFS(Table[Avg Annual Wage],Table[Industry],$B$3,Table[Year],$B$15,Table[State],O17) -> 55987 | T17: =IF($B$18=$S$2,-S17,R17) -> -55987
A18: Metric: | B18: =IF(Dashboard!A2=1,'Data Prep'!S2,'Data Prep'!R2) -> Average Wages | O18: Louisiana | P18: =SUMIFS(Table[Employees],Table[Industry],$B$3,Table[Year],$B$15,Table[State],O18) -> 204729 | Q18: =VLOOKUP(O18,Population!A17:B64,2,0) -> 4659978 | R18: =P18/Q18 * 1000 -> 43.933469 | S18: =AVERAGEIFS(Table[Avg Annual Wage],Table[Industry],$B$3,Table[Year],$B$15,Table[State],O18) -> 60136 | T18: =IF($B$18=$S$2,-S18,R18) -> -60136
H19: Percentage: | I19: =I16/SUM(I16:I17) -> 0.17201894 | O19: Maine | P19: =SUMIFS(Table[Employees],Table[Industry],$B$3,Table[Year],$B$15,Table[State],O19) -> 68952 | Q19: =VLOOKUP(O19,Population!A18:B65,2,0) -> 1338404 | R19: =P19/Q19 * 1000 -> 51.518077 | S19: =AVERAGEIFS(Table[Avg Annual Wage],Table[Industry],$B$3,Table[Year],$B$15,Table[State],O19) -> 66178 | T19: =IF($B$18=$S$2,-S19,R19) -> -66178
O20: Maryland | P20: =SUMIFS(Table[Employees],Table[Industry],$B$3,Table[Year],$B$15,Table[State],O20) -> 441860 | Q20: =VLOOKUP(O20,Population!A19:B66,2,0) -> 6042718 | R20: =P20/Q20 * 1000 -> 73.122724 | S20: =AVERAGEIFS(Table[Avg Annual Wage],Table[Industry],$B$3,Table[Year],$B$15,Table[State],O20) -> 88391 | T20: =IF($B$18=$S$2,-S20,R20) -> -88391
O21: Massachusetts | P21: =SUMIFS(Table[Employees],Table[Industry],$B$3,Table[Year],$B$15,Table[State],O21) -> 583792 | Q21: =VLOOKUP(O21,Population!A20:B67,2,0) -> 6902149 | R21: =P21/Q21 * 1000 -> 84.581193 | S21: =AVERAGEIFS(Table[Avg Annual Wage],Table[Industry],$B$3,Table[Year],$B$15,Table[State],O21) -> 124638 | T21: =IF($B$18=$S$2,-S21,R21) -> -124638
O22: Michigan | P22: =SUMIFS(Table[Employees],Table[Industry],$B$3,Table[Year],$B$15,Table[State],O22) -> 599657 | Q22: =VLOOKUP(O22,Population!A21:B68,2,0) -> 9995915 | R22: =P22/Q22 * 1000 -> 59.990206 | S22: =AVERAGEIFS(Table[Avg Annual Wage],Table[Industry],$B$3,Table[Year],$B$15,Table[State],O22) -> 76432 | T22: =IF($B$18=$S$2,-S22,R22) -> -76432
O23: Minnesota | P23: =SUMIFS(Table[Employees],Table[Industry],$B$3,Table[Year],$B$15,Table[State],O23) -> 361183 | Q23: =VLOOKUP(O23,Population!A22:B69,2,0) -> 5611179 | R23: =P23/Q23 * 1000 -> 64.368469 | S23: =AVERAGEIFS(Table[Avg Annual Wage],Table[Industry],$B$3,Table[Year],$B$15,Table[State],O23) -> 91033 | T23: =IF($B$18=$S$2,-S23,R23) -> -91033
O24: Mississippi | P24: =SUMIFS(Table[Employees],Table[Industry],$B$3,Table[Year],$B$15,Table[State],O24) -> 107758 | Q24: =VLOOKUP(O24,Population!A23:B70,2,0) -> 2963914 | R24: =P24/Q24 * 1000 -> 36.356655 | S24: =AVERAGEIFS(Table[Avg Annual Wage],Table[Industry],$B$3,Table[Year],$B$15,Table[State],O24) -> 45573 | T24: =IF($B$18=$S$2,-S24,R24) -> -45573
O25: Missouri | P25: =SUMIFS(Table[Employees],Table[Industry],$B$3,Table[Year],$B$15,Table[State],O25) -> 365657 | Q25: =VLOOKUP(O25,Population!A24:B71,2,0) -> 6126452 | R25: =P25/Q25 * 1000 -> 59.684953 | S25: =AVERAGEIFS(Table[Avg Annual Wage],Table[Industry],$B$3,Table[Year],$B$15,Table[State],O25) -> 72666 | T25: =IF($B$18=$S$2,-S25,R25) -> -72666
O26: Montana | P26: =SUMIFS(Table[Employees],Table[Industry],$B$3,Table[Year],$B$15,Table[State],O26) -> 43549 | Q26: =VLOOKUP(O26,Population!A25:B72,2,0) -> 1062305 | R26: =P26/Q26 * 1000 -> 40.994818 | S26: =AVERAGEIFS(Table[Avg Annual Wage],Table[Industry],$B$3,Table[Year],$B$15,Table[State],O26) -> 59785 | T26: =IF($B$18=$S$2,-S26,R26) -> -59785
O27: Nebraska | P27: =SUMIFS(Table[Employees],Table[Industry],$B$3,Table[Year],$B$15,Table[State],O27) -> 117288 | Q27: =VLOOKUP(O27,Population!A26:B73,2,0) -> 1929268 | R27: =P27/Q27 * 1000 -> 60.794042 | S27: =AVERAGEIFS(Table[Avg Annual Wage],Table[Industry],$B$3,Table[Year],$B$15,Table[State],O27) -> 65292 | T27: =IF($B$18=$S$2,-S27,R27) -> -65292
O28: Nevada | P28: =SUMIFS(Table[Employees],Table[Industry],$B$3,Table[Year],$B$15,Table[State],O28) -> 179092 | Q28: =VLOOKUP(O28,Population!A27:B74,2,0) -> 3034392 | R28: =P28/Q28 * 1000 -> 59.02072 | S28: =AVERAGEIFS(Table[Avg Annual Wage],Table[Industry],$B$3,Table[Year],$B$15,Table[State],O28) -> 67081 | T28: =IF($B$18=$S$2,-S28,R28) -> -67081
O29: New Hampshire | P29: =SUMIFS(Table[Employees],Table[Industry],$B$3,Table[Year],$B$15,Table[State],O29) -> 81639 | Q29: =VLOOKUP(O29,Population!A28:B75,2,0) -> 1356458 | R29: =P29/Q29 * 1000 -> 60.185424 | S29: =AVERAGEIFS(Table[Avg Annual Wage],Table[Industry],$B$3,Table[Year],$B$15,Table[State],O29) -> 88167 | T29: =IF($B$18=$S$2,-S29,R29) -> -88167
O30: New Jersey | P30: =SUMIFS(Table[Employees],Table[Industry],$B$3,Table[Year],$B$15,Table[State],O30) -> 643507 | Q30: =VLOOKUP(O30,Population!A29:B76,2,0) -> 8908520 | R30: =P30/Q30 * 1000 -> 72.235006 | S30: =AVERAGEIFS(Table[Avg Annual Wage],Table[Industry],$B$3,Table[Year],$B$15,Table[State],O30) -> 102666 | T30: =IF($B$18=$S$2,-S30,R30) -> -102666
O31: New Mexico | P31: =SUMIFS(Table[Employees],Table[Industry],$B$3,Table[Year],$B$15,Table[State],O31) -> 107707 | Q31: =VLOOKUP(O31,Population!A30:B77,2,0) -> 2095428 | R31: =P31/Q31 * 1000 -> 51.400955 | S31: =AVERAGEIFS(Table[Avg Annual Wage],Table[Industry],$B$3,Table[Year],$B$15,Table[State],O31) -> 69938 | T31: =IF($B$18=$S$2,-S31,R31) -> -69938
... O50: Wyoming | P50: =SUMIFS(Table[Employees],Table[Industry],$B$3,Table[Year],$B$15,Table[State],O50) -> 18382 | Q50: =VLOOKUP(O50,Population!A49:B96,2,0) -> 577737 | R50: =P50/Q50 * 1000 -> 31.817246 | S50: =AVERAGEIFS(Table[Avg Annual Wage],Table[Industry],$B$3,Table[Year],$B$15,Table[State],O50) -> 60233 | T50: =IF($B$18=$S$2,-S50,R50) -> -60233

Sheet Dashboard
A1: 8
A2: 1
B6: =INDEX('Data Prep'!D3:D12,11-Dashboard!A1) -> Business Services
